date,portfolio_value,spy_value,daily_return
2026-08-17,9955.5,9952.73,-0.00445
2026-08-18,10032.52,9885.49,0.007737
2026-08-19,10359.82,9906.23,0.032623
2026-08-20,10176.77,9823.02,-0.017669
2026-08-21,10311.03,9863.2,0.013193
2026-08-24,10446.64,9834.22,0.013152
2026-08-25,10472.81,9865.65,0.002505
2026-08-26,10433.36,9867.84,-0.003767
2026-08-27,10348.32,9932.5,-0.008151
2026-08-28,10279.3,9909.96,-0.006669
2026-08-31,10387.15,9880.34,0.010491
2026-09-01,10315.09,9812.45,-0.006937
2026-09-02,10461.14,9855.99,0.014159
2026-09-03,10533.31,9959.17,0.006899
2026-09-04,10424.82,9920.78,-0.0103
2026-09-08,10155.85,9866.3,-0.025801
2026-09-09,9987.33,9820.44,-0.016594
2026-09-10,9861.41,9761.57,-0.012608
2026-09-11,9921.57,9844.78,0.006101
2026-09-14,9985.74,9800.86,0.006468
2026-09-15,9946.8,9755.91,-0.0039
2026-09-16,9880.53,9712.88,-0.006662
2026-09-17,9939.25,9823.02,0.005943
2026-09-18,9890.69,9835.66,-0.004886
2026-09-21,10005.6,9988.16,0.011618
2026-09-22,10000.99,9986.61,-0.000461
2026-09-23,10019.55,9914.68,0.001855
2026-09-24,10129.02,9906.55,0.010926
2026-09-25,10170.4,9960.4,0.004085
2026-09-28,10074.75,9886.28,-0.009404
2026-09-29,10039.5,9868.07,-0.0035
2026-09-30,10002.06,9847.8,-0.003729
2026-10-01,,,
