date,ann_return,ann_risk,sharpe,LVMH,Ralph Lauren,Tapestry,Nike,Lululemon,Estee Lauder,Ulta Beauty,e.l.f. Beauty,Coty,Inter Parfums,Live Nation,Warner Music,Spotify,iHeartMedia,SiriusXM,UnitedHealth,Johnson & J,Eli Lilly,Pfizer,Abbvie,Apple,Microsoft,Nvidia,Meta,Alphabet
2026-08-20,1.131423,0.193239,5.5963,0.05,0.05,0.0,0.0,0.0,0.0,0.0,0.215495,0.05,0.0,0.05,0.0,0.0,0.0,0.05,0.0,0.100888,0.0,0.0,0.327581,0.0,0.0,0.053018,0.0,0.0
2026-08-21,1.020155,0.194919,4.9772,0.05,0.05,0.0,0.0,0.0,0.0,0.0,0.227957,0.0,0.05,0.05,0.0,0.05,0.0,0.0,0.0,0.05,0.0,0.0,0.335834,0.0,0.05,0.086209,0.0,0.0
2026-08-24,1.095466,0.210339,4.9704,0.05,0.05,0.0,0.0,0.0,0.0,0.05,0.266729,0.0,0.0,0.05,0.0,0.05,0.0,0.0,0.0,0.075692,0.0,0.0,0.307579,0.0,0.05,0.05,0.0,0.0
2026-08-25,1.118783,0.189703,5.634,0.05,0.05,0.0,0.0,0.0,0.0,0.05,0.240626,0.0,0.0,0.05,0.0,0.05,0.0,0.0,0.0,0.228574,0.0,0.0,0.1808,0.0,0.0,0.05,0.0,0.0
2026-08-26,1.219455,0.192798,6.0657,0.05,0.05,0.0,0.0,0.0,0.05,0.0,0.240041,0.0,0.0,0.05,0.0,0.05,0.0,0.0,0.0,0.177438,0.0,0.0,0.232522,0.0,0.0,0.05,0.0,0.0
2026-08-27,1.296033,0.200498,6.2147,0.05,0.05,0.0,0.0,0.0,0.05,0.0,0.266816,0.0,0.0,0.05,0.0,0.05,0.0,0.0,0.0,0.204418,0.0,0.0,0.178766,0.0,0.0,0.05,0.0,0.0
2026-08-28,1.185751,0.179399,6.3309,0.05,0.05,0.0,0.0,0.0,0.0,0.05,0.232846,0.0,0.0,0.05,0.0,0.05,0.0,0.0,0.0,0.228098,0.0,0.0,0.126123,0.0,0.05,0.112933,0.0,0.0
2026-08-31,1.333424,0.207766,6.1772,0.05,0.0,0.0,0.0,0.0,0.0,0.0,0.288857,0.05,0.0,0.05,0.0,0.05,0.0,0.0,0.0,0.311143,0.0,0.0,0.05,0.0,0.0,0.05,0.0,0.0
2026-09-01,1.369557,0.194696,6.7775,0.0,0.05,0.0,0.0,0.0,0.0,0.05,0.288227,0.0,0.0,0.05,0.0,0.05,0.0,0.0,0.0,0.218072,0.0,0.0,0.078707,0.0,0.05,0.114994,0.0,0.0
2026-09-02,1.207489,0.186456,6.2078,0.0,0.05,0.0,0.0,0.0,0.0,0.05,0.271544,0.0,0.0,0.05,0.0,0.05,0.0,0.0,0.0,0.245393,0.0,0.0,0.078674,0.05,0.0,0.10439,0.0,0.0
2026-09-03,1.101921,0.173431,6.0654,0.0,0.05,0.0,0.0,0.0,0.0,0.05,0.261924,0.0,0.0,0.0,0.0,0.0,0.0,0.05,0.0,0.255448,0.0,0.0,0.073559,0.05,0.0,0.109069,0.0,0.0
2026-09-04,0.994929,0.156245,6.0478,0.0,0.05,0.0,0.0,0.05,0.0,0.05,0.176876,0.0,0.0,0.0,0.0,0.05,0.0,0.05,0.0,0.244682,0.0,0.0,0.097421,0.0,0.062731,0.16829,0.0,0.0
2026-09-08,0.939887,0.15757,5.6476,0.05,0.05,0.0,0.0,0.0,0.0,0.05,0.197209,0.0,0.0,0.0,0.0,0.05,0.0,0.05,0.0,0.264636,0.0,0.0,0.070424,0.0,0.059152,0.158578,0.0,0.0
2026-09-09,0.980771,0.19472,4.78,0.05,0.0,0.0,0.0,0.0,0.0,0.05,0.266999,0.0,0.0,0.0,0.0,0.05,0.0,0.05,0.0,0.225859,0.0,0.0,0.05,0.0,0.078999,0.128142,0.0,0.0
2026-09-10,0.848129,0.194614,4.1011,0.05,0.0,0.0,0.0,0.0,0.0,0.05,0.250131,0.0,0.0,0.0,0.0,0.05,0.0,0.05,0.0,0.218879,0.0,0.0,0.097944,0.0,0.09462,0.088425,0.0,0.0
2026-09-11,0.705565,0.170198,3.8518,0.0,0.0,0.0,0.05,0.0,0.0,0.05,0.15702,0.0,0.0,0.0,0.0,0.05,0.0,0.05,0.0,0.156926,0.0,0.0,0.186188,0.0,0.15619,0.093675,0.0,0.0
2026-09-14,0.840676,0.16321,4.8445,0.05,0.0,0.0,0.0,0.0,0.0,0.05,0.171788,0.0,0.0,0.0,0.0,0.05,0.0,0.05,0.0,0.120288,0.0,0.0,0.198974,0.0,0.147022,0.111928,0.0,0.0
2026-09-15,0.906596,0.169896,5.0419,0.05,0.0,0.0,0.0,0.0,0.0,0.05,0.139111,0.0,0.0,0.0,0.0,0.05,0.0,0.05,0.0,0.105274,0.0,0.0,0.248191,0.0,0.17435,0.0,0.083074,0.0
2026-09-16,0.869769,0.16945,4.8378,0.0,0.05,0.0,0.0,0.0,0.0,0.05,0.137146,0.0,0.0,0.05,0.0,0.05,0.0,0.0,0.0,0.255619,0.0,0.0,0.058417,0.0,0.192396,0.0,0.106422,0.0
2026-09-17,0.827039,0.177842,4.3693,0.05,0.0,0.0,0.0,0.0,0.0,0.05,0.156877,0.0,0.0,0.05,0.0,0.05,0.0,0.0,0.0,0.211451,0.0,0.0,0.063021,0.0,0.188887,0.0,0.129763,0.0
2026-09-18,0.835353,0.175049,4.4865,0.05,0.0,0.0,0.0,0.0,0.0,0.05,0.124194,0.0,0.0,0.05,0.0,0.05,0.0,0.0,0.0,0.194994,0.0,0.0,0.068926,0.0,0.219439,0.0,0.142447,0.0
2026-09-21,0.819845,0.164267,4.6865,0.05,0.0,0.0,0.0,0.0,0.0,0.05,0.120132,0.0,0.0,0.0,0.0,0.05,0.0,0.05,0.0,0.153716,0.0,0.114862,0.0,0.0,0.214001,0.14729,0.0,0.0
2026-09-22,0.888078,0.196315,4.2691,0.05,0.0,0.0,0.05,0.0,0.0,0.05,0.116168,0.0,0.0,0.0,0.0,0.05,0.0,0.05,0.0,0.05,0.0,0.180261,0.0,0.0,0.239054,0.0,0.164517,0.0
2026-09-23,0.887308,0.180585,4.6366,0.0,0.05,0.0,0.0,0.0,0.0,0.05,0.093058,0.0,0.0,0.0,0.05,0.05,0.0,0.0,0.0,0.05,0.0,0.223657,0.0,0.0,0.233687,0.0,0.149597,0.0
2026-09-24,0.829425,0.16756,4.6516,0.0,0.05,0.0,0.0,0.0,0.0,0.05,0.05,0.0,0.0,0.0,0.05,0.05,0.0,0.0,0.0,0.05,0.0,0.291541,0.0,0.0,0.212391,0.0,0.146069,0.0
2026-09-25,0.758342,0.164054,4.3177,0.05,0.0,0.0,0.0,0.0,0.0,0.05,0.05,0.0,0.0,0.0,0.05,0.05,0.0,0.0,0.0,0.05,0.0,0.311431,0.0,0.0,0.194027,0.0,0.144542,0.0
2026-09-28,0.738978,0.17297,3.9832,0.05,0.05,0.0,0.0,0.0,0.0,0.05,0.05,0.0,0.0,0.0,0.05,0.05,0.0,0.0,0.0,0.05,0.0,0.27995,0.0,0.0,0.217464,0.0,0.152586,0.0
2026-09-29,0.696029,0.142203,4.543,0.0,0.05,0.0,0.05,0.0,0.0,0.05,0.05,0.0,0.0,0.05,0.0,0.05,0.0,0.0,0.0,0.05,0.0,0.390949,0.0,0.0,0.132017,0.127034,0.0,0.0
2026-09-30,0.625949,0.139645,4.1244,0.05,0.05,0.0,0.0,0.0,0.0,0.05,0.05,0.0,0.0,0.05,0.0,0.0,0.0,0.0,0.0,0.05,0.0,0.4,0.0,0.0,0.1453,0.1047,0.0,0.0
2026-10-01,0.69447,0.149274,4.3174,0.0,0.05,0.05,0.0,0.0,0.0,0.05,0.05,0.0,0.0,0.05,0.0,0.0,0.0,0.0,0.0,0.05,0.0,0.373995,0.0,0.0,0.193389,0.0,0.082616,0.0
2026-10-02,0.661312,0.155646,3.9276,0.0,0.05,0.05,0.0,0.0,0.0,0.05,0.074118,0.0,0.0,0.05,0.0,0.05,0.0,0.0,0.0,0.0,0.0,0.318023,0.05,0.0,0.188719,0.11914,0.0,0.0
2026-10-05,0.669776,0.163984,3.7795,0.0,0.05,0.05,0.0,0.0,0.0,0.05,0.085604,0.0,0.0,0.05,0.0,0.05,0.0,0.0,0.0,0.0,0.0,0.300416,0.05,0.0,0.220268,0.093712,0.0,0.0
2026-10-06,0.721072,0.166394,4.033,0.0,0.05,0.05,0.0,0.0,0.0,0.0,0.098108,0.05,0.0,0.0,0.05,0.05,0.0,0.0,0.0,0.0,0.0,0.067306,0.156506,0.0,0.225881,0.202199,0.0,0.0
2026-10-07,0.763729,0.16399,4.3523,0.0,0.05,0.05,0.0,0.0,0.0,0.05,0.116235,0.0,0.0,0.0,0.05,0.05,0.0,0.0,0.0,0.0,0.0,0.084874,0.187248,0.0,0.23781,0.123833,0.0,0.0
